,Material,Axis,R2_score,Unknown flowrate,Flowrate errror
0,copper,0,0.7338131573047476,5.255125963840704,3.252825538004802
