,Material,Axis,R2_score,Unknown flowrate,Flowrate errror
0,copper,2,0.5044977328640234,0.4845889719379643,0.00026899963845733677
