,Material,Axis,R2_score,Unknown flowrate,Flowrate errror
0,copper,1,0.38022255164156626,6.017046209179425,0.00013133172755339488
