,Material,Axis,R2_score,Unknown flowrate,Flowrate errror
0,galvanized,2,0.3909844553800438,9.690788277639642,8.647336635559364
