,Material,Axis,R2_score,Unknown flowrate,Flowrate errror
0,galvanized,1,0.272155139462396,2.588624402346151,3.664938647308032
