,Material,Axis,R2_score,Unknown flowrate,Flowrate errror
0,galvanized,0,0.6442946547796197,4.298889670193821,0.00021417588554735665
