,Material,Axis,R2_score,Unknown flowrate,Flowrate errror
0,galvanized,1,0.272155139462396,2.588624402346151,0.00011897440926884455
