,Material,Axis,R2_score,Unknown flowrate,Flowrate errror
0,pvc,0,0.899402896975016,6.174182166550401,0.9932276316602243
