,Material,Axis,R2_score,Unknown flowrate,Flowrate errror
0,pvc,1,0.06915530574508333,-6.5272522521783385,10.832303417440299
