,Material,Axis,R2_score,Unknown flowrate,Flowrate errror
0,pvc,2,-0.37322111399180935,1.3486906589993677,5.477124913632106
