,AvgAcc_,stdAcc_,FlowRate
0,1.0148586272381985,0.005077536497906691,2
1,1.014898106348345,0.005331951335492319,3
2,1.0148573521432447,0.016929965885528437,4
3,1.0146009386869235,0.01880807081646526,6
