,Material,Axis,R2_score,Unknown flowrate
0,copper,2,0.7597910787580768,1.795352910190227
