,Material,Axis,R2_score,Unknown flowrate
0,copper,0,0.8501312768398508,6.0354035608494225
