,Material,Axis,R2_score,Unknown flowrate
0,copper,1,0.4546439128292088,6.485234940063086
