,AvgAcc_,stdAcc_,FlowRate
0,-0.2255507272727273,0.005431678340425899,2
1,-0.22590636898395725,0.007723918644860544,3
2,-0.22585749732620322,0.007795309701181796,4
3,-0.22600318181818183,0.010084676575955067,6
