,Material,Axis,R2_score,Unknown flowrate
0,galvanized,2,0.4268565000813813,8.432183640149441
