,Material,Axis,R2_score,Unknown flowrate
0,galvanized,1,0.3395314811902259,3.3289157664718125
