,Material,Axis,R2_score,Unknown flowrate
0,galvanized,0,0.6838426973598892,4.335299840167283
