,AvgAcc_,stdAcc_,FlowRate
0,0.2075369537815126,0.003528798667790452,2
1,0.20756772058823528,0.0037290446064657807,3
2,0.2082180357142857,0.00483655164011612,4
3,0.20854871848739498,0.006359210254175426,6
