,Material,Axis,R2_score,Unknown flowrate
0,pvc,0,0.9001791779874453,6.151412076350926
