,Material,Axis,R2_score,Unknown flowrate
0,pvc,1,0.07535814003324193,-9.027036892505167
