,Material,Axis,R2_score,Unknown flowrate
0,pvc,2,0.02988132331376181,8.707438220825802
